id,likes,username
21,257,Rocio33
71,257,Nia_Haag
5,257,Aniya_Hackett
66,257,Mike.Auer39
41,257,Mckenna17
14,257,Jaclyn81
57,257,Julien_Schmidt
24,257,Maxwell.Halvorson
76,257,Janelle.Nikolaus81
75,257,Leslie67
54,257,Duane60
91,257,Bethany20
36,257,Ollie_Ledner37
16,103,Annalise.McKenzie16
96,98,Keenan.Schamberger60
69,97,Karley_Bosco
65,96,Adelle96
2,94,Andre_Purdy85
26,94,Josianne.Friesen
4,93,Arely_Bogan63
13,93,Alexandro35
87,92,Rick29
35,92,Lennie_Hartmann40
93,91,Willie_Leuschke
92,91,Frederik_Rice
22,91,Kenneth64
32,91,Irwin.Larson
19,90,Hailee26
39,89,Kelsi26
11,89,Justina.Gaylord27
46,88,Malinda_Streich
62,88,Ressie_Stanton46
70,88,Erick5
31,88,Aiyana_Hoeger
10,87,Presley_McClure
42,87,Maya.Farrell
85,87,Milford_Gleichner42
20,87,Delpha.Kihn
44,86,Seth46
43,86,Janet.Armstrong
60,86,Sam52
67,86,Emilio_Bernier52
95,86,Nicole71
73,86,Jaylan.Lakin
38,85,Jordyn.Jacobson2
9,85,Gus93
52,85,Zack_Kemmer93
72,85,Kathryn80
40,85,Rafael.Hickle2
15,84,Billy52
37,84,Yazmin_Mills95
82,84,Aracely.Johnston98
94,84,Damon35
61,83,Jayson65
63,83,Elenor88
78,83,Colten.Harris76
6,82,Travon.Waters
100,82,Javonte83
18,82,Odessa2
30,81,Kaley9
50,81,Gerard79
56,81,Peter.Stehr0
8,79,Tabitha_Schamberger11
3,79,Harley_Lind18
27,79,Darwin29
17,78,Norbert_Carroll35
55,78,Meggie_Doyle
33,77,Yvette.Gottlieb91
12,77,Dereck65
28,77,Dario77
47,76,Harrison.Beatty50
48,75,Granville_Kutch
79,75,Katarina.Dibbert
84,75,Alysa22
98,74,Imani_Nicolas17
99,74,Alek_Watsica
97,69,Tomas.Beatty93
